#{"t_start": 1775328281.5124178, "env_id": "None"}
r,l,t
9.887305,30,2.103693
4.034301,30,2.140593
8.936524,30,2.150637
5.105728,30,2.186964
3.569186,30,2.198046
1.128473,30,2.214182
6.807169,30,2.235752
4.660636,30,2.252931
3.174068,30,2.268229
7.728992,30,2.278884
6.49938,30,2.310865
9.384165,30,2.325951
9.212983,30,2.335999
1.910743,30,2.351689
5.223916,30,2.406202
1.885931,30,2.428986
9.9863,30,2.465668
5.938439,30,2.497012
9.749589,30,2.497012
6.907753,30,2.528813
9.339964,30,2.546908
6.167163,30,2.560714
7.24947,30,2.580429
9.450307,30,2.595614
7.00476,30,2.613948
10.234646,30,2.629761
3.785125,30,2.63754
4.698697,30,2.66286
7.744923,30,2.677709
8.712805,30,2.701851
4.66033,30,2.725852
11.60363,30,2.736855
4.581392,30,2.768533
5.905744,30,2.800264
4.16268,30,2.828516
4.796092,30,2.853777
3.424212,30,2.869281
4.90637,30,2.895634
1.918712,30,2.928196
8.137049,30,2.949804
1.313438,30,2.980455
10.594728,30,2.997533
7.133825,30,3.01419
5.946291,30,3.03039
6.077031,30,3.047225
7.273353,30,3.062291
9.993949,30,3.080115
7.349729,30,3.083875
7.225046,30,3.113818
6.250185,30,3.133936
6.441348,30,3.136936
9.696301,30,3.152706
2.953244,30,3.178073
10.274166,30,3.184637
6.546768,30,3.216413
5.470815,30,3.231944
4.398876,30,3.246882
8.06249,30,3.262763
5.148323,30,3.278067
6.270039,30,3.300968
5.422129,30,3.320094
5.553455,30,3.341236
2.188705,30,3.360847
6.649139,30,3.376531
10.267268,30,3.409104
9.323954,30,3.446779
2.4887,30,3.466914
7.962336,30,3.492195
9.062416,30,5.364943
6.335539,30,5.408699
5.925582,30,5.445237
4.01702,30,5.48223
1.110079,30,5.525495
8.778776,30,5.579458
8.736533,30,5.628588
6.681625,30,5.67644
1.5591,30,5.729022
3.486925,30,5.768544
10.558125,30,5.828675
6.102472,30,5.872343
8.981765,30,5.914043
3.150337,30,5.953787
4.660691,30,5.994385
2.272757,30,6.030304
7.787644,30,6.063583
1.335631,30,6.103816
9.067209,30,6.132152
7.170251,30,6.156337
9.118468,30,6.186854
10.250563,30,6.213216
5.370155,30,6.253289
6.821687,30,6.279382
7.293925,30,6.298878
5.421108,30,6.325927
5.757948,30,6.355854
4.922647,30,6.391937
1.228991,30,6.421297
6.84778,30,6.449893
3.72134,30,6.482658
4.325924,30,6.51179
9.509602,30,6.529049
5.272274,30,6.552193
5.325924,30,6.568914
9.52427,30,6.590643
1.66619,30,6.617215
0.022154,30,6.652259
2.47973,30,6.669683
5.51424,30,6.701204
6.81349,30,6.717087
4.638457,30,6.747874
7.478259,30,6.775831
1.066879,30,6.804872
5.057308,30,6.828165
2.086488,30,6.851839
6.254033,30,6.883193
9.088234,30,6.916891
8.242439,30,6.950387
4.353993,30,6.97096
8.737154,30,6.999227
7.659719,30,7.034797
6.870608,30,7.058919
5.475453,30,7.090175
8.526938,30,7.122699
3.476803,30,7.158864
4.002786,30,7.184988
10.61017,30,7.206547
9.325151,30,7.232387
5.887003,30,7.271976
9.77312,30,7.293914
10.551969,30,7.325973
10.762296,30,7.350717
5.417822,30,7.380584
1.477102,30,7.40579
7.617085,30,7.442331
6.285866,30,7.469084
7.260212,30,7.497614
1.25818,30,9.979802
8.691604,30,10.034258
4.910183,30,10.084228
8.683867,30,10.137617
4.63738,30,10.188386
5.833777,30,10.214563
9.068701,30,10.26667
8.508843,30,10.309647
6.157299,30,10.344255
11.746396,30,10.37567
1.702577,30,10.405133
0.055262,30,10.444125
0.757459,30,10.471642
9.397155,30,10.518568
4.569183,30,10.560019
8.22791,30,10.586713
1.849047,30,10.635124
2.378572,30,10.667846
7.47588,30,10.706755
6.617642,30,10.734222
5.987685,30,10.763039
5.215168,30,10.809503
6.933312,30,10.841742
8.594731,30,10.887218
5.317083,30,10.923641
8.266474,30,10.954471
10.727566,30,10.986104
5.205077,30,11.023676
7.367702,30,11.054653
7.773147,30,11.091385
3.485103,30,11.127659
4.842023,30,11.156782
7.426337,30,11.205911
4.64286,30,11.240902
7.008615,30,11.269483
6.714289,30,11.304662
6.280006,30,11.336783
8.645586,30,11.356668
9.024724,30,11.405202
4.905404,30,11.438041
9.693424,30,11.466151
5.993426,30,11.507996
4.407385,30,11.539412
8.177869,30,11.568227
10.248087,30,11.599788
2.909503,30,11.638455
8.461301,30,11.668696
7.256743,30,11.700606
6.215589,30,11.753119
2.232823,30,11.787906
3.550016,30,11.825902
9.922021,30,11.864064
11.179689,30,11.886153
9.466518,30,11.918515
9.488232,30,11.966277
5.945872,30,11.997827
6.878618,30,12.029391
5.196701,30,12.068597
8.9812,30,12.104387
6.355786,30,12.154785
5.22017,30,12.195499
9.032056,30,12.223226
4.644106,30,12.264863
1.216858,30,12.295442
3.146746,30,12.342177
7.111756,30,12.385466
4.338816,30,12.420318
0.067085,30,12.45387
8.067526,30,14.993506
3.929345,30,15.049139
11.797733,30,15.106498
5.929107,30,15.166125
3.624506,30,15.224206
5.514127,30,15.282963
7.511844,30,15.33746
7.918921,30,15.399385
7.104089,30,15.455733
6.16321,30,15.514627
8.68592,30,15.573566
5.359392,30,15.63061
8.523134,30,15.684605
5.72836,30,15.741637
7.064856,30,15.800079
8.353875,30,15.846962
6.389872,30,15.908124
9.763465,30,15.959272
3.852603,30,16.015018
0.718126,30,16.067718
2.299844,30,16.126505
-1.317346,30,16.1857
2.65272,30,16.247607
6.764505,30,16.302138
5.871878,30,16.354149
4.391015,30,16.409905
3.268897,30,16.472731
-2.425572,30,16.53388
6.298352,30,16.590415
8.359484,30,16.654949
5.511193,30,16.710232
8.667364,30,16.769704
6.108427,30,16.826029
10.475389,30,16.882564
8.015968,30,16.929344
6.691858,30,16.981814
2.536219,30,17.032492
4.770681,30,17.086077
9.514042,30,17.138435
7.584064,30,17.194585
2.073183,30,17.248755
8.758853,30,17.306004
2.100806,30,17.359976
8.334983,30,17.405833
8.445182,30,17.451739
6.020882,30,17.502784
10.056626,30,17.552629
6.450474,30,17.606143
10.174421,30,17.646477
3.99414,30,17.689546
4.688006,30,17.741001
0.712193,30,17.789867
2.936725,30,17.841826
6.068454,30,17.889083
1.076381,30,17.939727
6.488533,30,17.985064
8.942296,30,18.013476
8.517297,30,18.073167
5.235692,30,18.117082
6.252489,30,18.164704
1.747637,30,18.212234
4.182973,30,18.260233
6.265511,30,18.309766
9.332264,30,18.352764
5.173896,30,18.403304
10.426238,30,18.4513
3.688239,30,18.498841
3.237526,30,18.576285
7.032774,30,18.633757
6.604526,30,21.606044
7.44249,30,21.665474
7.052898,30,21.702249
3.266616,30,21.734094
6.838803,30,21.777467
6.271095,30,21.794179
7.247762,30,21.841904
3.862797,30,21.868586
9.192273,30,21.902782
9.428643,30,21.939299
5.699103,30,21.977448
6.797097,30,22.013921
4.89729,30,22.049147
3.434035,30,22.086037
4.036832,30,22.12973
3.982674,30,22.154502
6.415053,30,22.206922
2.991924,30,22.232221
9.011582,30,22.26503
4.550672,30,22.308028
9.323688,30,22.338557
1.519268,30,22.365745
7.421143,30,22.394811
9.311065,30,22.419248
0.626088,30,22.453967
8.190596,30,22.494699
10.842119,30,22.530627
4.031352,30,22.565226
8.332642,30,22.601032
9.061131,30,22.634394
7.414995,30,22.67328
5.024482,30,22.718552
6.370586,30,22.753664
5.302543,30,22.785263
5.298192,30,22.817147
2.034095,30,22.849847
8.976442,30,22.880863
9.201768,30,22.925204
3.390109,30,22.949812
7.058759,30,22.995306
8.369,30,23.01829
4.506403,30,23.05593
6.399969,30,23.084621
8.570115,30,23.106401
8.882102,30,23.141945
1.397549,30,23.201101
4.677111,30,23.233537
2.512666,30,23.253876
7.112457,30,23.29438
10.261842,30,23.325004
5.034808,30,23.344832
1.108065,30,23.395906
6.355903,30,23.419496
6.673062,30,23.452592
10.858,30,23.496279
3.516923,30,23.527908
9.192536,30,23.556413
1.9279,30,23.594045
8.315538,30,23.622524
9.428749,30,23.658112
8.263482,30,23.690623
4.778406,30,23.715415
6.605204,30,23.732006
7.502546,30,23.764202
7.935101,30,23.796112
2.008784,30,23.825071
9.131223,30,23.86694
3.477362,30,23.902807
9.175767,30,27.947935
10.65479,30,28.004863
11.237241,30,28.059548
10.208803,30,28.118761
9.928509,30,28.163695
6.394864,30,28.215856
11.049325,30,28.273822
8.494142,30,28.326431
5.039235,30,28.369095
2.347961,30,28.406578
12.244732,30,28.43544
8.346828,30,28.478211
11.039485,30,28.51073
9.442412,30,28.545691
9.151157,30,28.574686
8.716916,30,28.601697
5.467135,30,28.634887
7.471697,30,28.661294
10.869518,30,28.689806
7.785241,30,28.715598
7.919944,30,28.743784
4.741284,30,28.765334
7.061993,30,28.799212
2.276286,30,28.831295
9.951931,30,28.860134
5.306944,30,28.902972
7.846548,30,28.925334
2.523605,30,28.956135
3.249862,30,28.984854
8.021828,30,29.020704
10.617124,30,29.04768
1.322585,30,29.069618
5.774385,30,29.100595
9.892634,30,29.120567
6.139925,30,29.156002
9.155537,30,29.18349
7.296467,30,29.203531
10.232765,30,29.218644
9.842191,30,29.246985
2.24,30,29.28284
3.294612,30,29.306789
9.211469,30,29.327482
8.039126,30,29.356433
3.519321,30,29.376821
10.2752,30,29.405083
6.184073,30,29.419198
10.452145,30,29.458169
3.188585,30,29.483593
8.507886,30,29.505786
2.546018,30,29.534124
4.667383,30,29.560861
1.457519,30,29.575187
7.4349,30,29.611129
6.046616,30,29.635058
6.130002,30,29.661287
10.662761,30,29.687704
5.856578,30,29.703702
7.098449,30,29.738839
10.471241,30,29.760743
9.621605,30,29.791225
4.083622,30,29.80388
6.791098,30,29.839621
1.488571,30,29.863891
4.326528,30,29.885736
2.89719,30,29.905605
8.434331,30,29.93427
3.017406,30,29.949346
7.266782,30,29.988567
1.396459,30,32.152923
9.120709,30,32.199958
8.251932,30,32.231748
11.382146,30,32.263462
7.381195,30,32.314539
1.725764,30,32.347309
10.301127,30,32.367797
8.099148,30,32.406316
2.308283,30,32.440723
3.556762,30,32.462826
5.224276,30,32.498878
7.775459,30,32.527474
9.487027,30,32.554437
5.147752,30,32.584179
4.699639,30,32.610606
8.341491,30,32.650008
8.335121,30,32.678393
7.340757,30,32.702113
9.47731,30,32.732564
8.131434,30,32.760978
4.004375,30,32.778596
4.001322,30,32.810447
9.423542,30,32.84076
10.730467,30,32.856759
7.905731,30,32.890521
10.769826,30,32.907009
8.342409,30,32.944343
10.718643,30,32.97047
10.489204,30,33.00111
3.707593,30,33.043434
0.034252,30,33.073722
3.29551,30,33.099151
10.558785,30,33.116908
5.942914,30,33.156339
10.830808,30,33.183588
7.073192,30,33.207357
3.719765,30,33.229515
3.521867,30,33.256899
5.553832,30,33.280505
0.790096,30,33.293511
5.61434,30,33.327081
8.042383,30,33.34314
5.513853,30,33.370146
5.747593,30,33.394773
2.085215,30,33.41947
8.303128,30,33.436335
6.843968,30,33.466216
1.228718,30,33.494491
4.187839,30,33.51749
10.944603,30,33.529146
4.092713,30,33.573627
7.169082,30,33.587224
9.247132,30,33.629775
8.336691,30,33.658438
7.415751,30,33.684982
1.079827,30,33.708704
5.289981,30,33.731939
7.237698,30,33.759562
6.351928,30,33.785496
10.640133,30,33.811004
10.011821,30,33.838704
6.886454,30,33.862789
7.642379,30,33.890359
8.03879,30,33.909112
7.465934,30,33.940526
9.201769,30,33.950526
6.06498,30,33.982313
9.858221,30,34.01324
8.06978,30,36.237137
7.401156,30,36.279607
9.649991,30,36.317369
11.427842,30,36.365506
6.978178,30,36.401561
7.841799,30,36.437126
9.897545,30,36.471831
8.147014,30,36.49946
3.690137,30,36.532503
5.187127,30,36.544509
4.699904,30,36.576343
7.173175,30,36.616956
8.869406,30,36.642757
3.994899,30,36.675224
10.284393,30,36.68423
6.521289,30,36.732689
6.307717,30,36.762891
9.038363,30,36.789766
9.493055,30,36.815263
3.914791,30,36.832857
8.925485,30,36.871127
8.644945,30,36.889192
9.670099,30,36.923832
3.410484,30,36.949749
10.618408,30,36.978655
2.723168,30,37.004659
5.803351,30,37.03249
6.905175,30,37.052698
9.254675,30,37.086381
6.765193,30,37.111233
4.785058,30,37.142928
3.71664,30,37.175848
9.897306,30,37.201504
9.678196,30,37.233337
9.933027,30,37.261012
7.248254,30,37.285866
9.031446,30,37.313876
4.397466,30,37.342898
10.762521,30,37.368353
9.804238,30,37.388896
10.441118,30,37.420902
1.10688,30,37.436345
5.35357,30,37.467686
0.931988,30,37.48264
10.160604,30,37.522313
4.503635,30,37.543907
5.653799,30,37.560815
8.944926,30,37.592762
7.420551,30,37.622693
6.297952,30,37.652545
7.553339,30,37.681647
6.471857,30,37.708339
8.653201,30,37.731248
-0.471519,30,37.757021
7.261502,30,37.784885
6.073216,30,37.79473
7.987049,30,37.834474
4.858124,30,37.857277
7.033102,30,37.889212
2.841482,30,37.91506
7.499559,30,37.941996
8.175354,30,37.949996
8.795342,30,37.996275
3.8117,30,38.019154
3.762854,30,38.035063
6.929489,30,38.066787
6.881715,30,38.096966
8.011696,30,38.12199
8.573498,30,38.151722
1.858457,30,40.326539
8.798246,30,40.357302
7.816451,30,40.402586
4.041112,30,40.443164
9.90689,30,40.478894
5.084944,30,40.512414
3.819243,30,40.542662
6.77227,30,40.572499
8.557543,30,40.592413
11.130397,30,40.622192
8.274951,30,40.654078
7.32093,30,40.681947
9.461742,30,40.703241
3.441938,30,40.741793
5.013455,30,40.763663
9.083754,30,40.798218
-0.963187,30,40.826021
8.229595,30,40.840016
4.601407,30,40.877641
5.266208,30,40.907412
8.822111,30,40.945558
7.077271,30,40.991362
9.005857,30,41.019952
8.491599,30,41.043336
10.390592,30,41.07952
5.487525,30,41.109975
5.316016,30,41.143848
5.830952,30,41.169027
7.027934,30,41.201285
9.187652,30,41.220059
8.153719,30,41.263102
6.754429,30,41.278302
6.784085,30,41.322058
6.042847,30,41.341474
1.828611,30,41.377551
8.664099,30,41.38756
7.876211,30,41.432594
10.005747,30,41.452795
8.811646,30,41.492972
9.357049,30,41.520596
6.294488,30,41.548537
8.892793,30,41.567841
9.703722,30,41.598222
10.29165,30,41.624273
6.047527,30,41.639034
6.794891,30,41.674472
6.097585,30,41.700742
5.836914,30,41.7295
7.672649,30,41.756792
8.342548,30,41.779971
1.888977,30,41.794783
8.50978,30,41.830702
9.873721,30,41.855259
10.077462,30,41.880726
4.971433,30,41.905064
11.181471,30,41.928216
7.176087,30,41.951299
3.709402,30,41.966137
7.490168,30,41.997988
5.638296,30,42.030082
8.649763,30,42.062133
4.686138,30,42.085963
3.770379,30,42.101851
9.832249,30,42.141179
3.707487,30,42.153166
5.640665,30,42.190973
8.431823,30,42.201643
8.70352,30,42.232643
9.427602,30,44.434468
8.576905,30,44.47818
8.573476,30,44.512446
11.123616,30,44.550406
10.338791,30,44.586242
2.322943,30,44.61806
9.788591,30,44.633912
5.521252,30,44.668122
8.539162,30,44.732693
9.323696,30,44.782778
8.632065,30,44.827722
3.454026,30,44.860487
7.742213,30,44.89106
2.344565,30,44.919082
3.316038,30,44.94878
10.126113,30,44.976134
5.530166,30,44.996799
5.294845,30,45.032377
0.928254,30,45.058263
9.549308,30,45.087035
7.555642,30,45.107123
10.231443,30,45.139177
5.093863,30,45.179866
9.946044,30,45.207644
7.063247,30,45.236979
8.848319,30,45.25367
4.529182,30,45.28867
1.043544,30,45.314291
11.42899,30,45.325784
8.35447,30,45.364311
7.549727,30,45.391305
6.719443,30,45.440463
4.698468,30,45.469959
9.815121,30,45.506549
9.990876,30,45.534685
6.310238,30,45.567422
10.404792,30,45.596267
9.590981,30,45.635679
6.322401,30,45.663622
7.314019,30,45.695832
7.268182,30,45.727623
5.867699,30,45.756055
6.224708,30,45.794343
9.03419,30,45.827944
3.206177,30,45.860509
3.928862,30,45.889962
11.180405,30,45.917926
10.039071,30,45.954865
-1.327567,30,45.987675
9.499069,30,46.016412
9.913634,30,46.05289
9.737694,30,46.087933
3.704194,30,46.12666
7.107046,30,46.151795
2.76548,30,46.183872
6.651797,30,46.219024
6.229688,30,46.253751
10.019513,30,46.283729
4.575273,30,46.314634
6.616792,30,46.351804
10.293358,30,46.373227
9.804039,30,46.41496
9.018801,30,46.447205
9.928762,30,46.472258
8.888049,30,46.507449
4.530226,30,46.538218
5.720038,30,46.574178
8.60862,30,46.60547
8.812072,30,48.890217
7.640669,30,48.929681
6.641804,30,48.962845
7.84757,30,49.004164
3.796536,30,49.037553
9.094428,30,49.080179
8.424308,30,49.113196
1.246828,30,49.142283
0.904865,30,49.169469
6.775929,30,49.200361
5.130297,30,49.234534
3.993988,30,49.262347
9.625597,30,49.288706
7.731224,30,49.323421
9.960306,30,49.354788
7.852898,30,49.372051
10.130132,30,49.408153
7.540015,30,49.433896
8.385465,30,49.460153
9.820023,30,49.487217
8.687665,30,49.514347
9.583702,30,49.551415
3.955286,30,49.590288
8.327851,30,49.60415
9.771067,30,49.633864
7.13101,30,49.667501
6.34204,30,49.681345
8.119688,30,49.713088
7.20017,30,49.746399
10.337534,30,49.762601
6.524203,30,49.794247
10.866783,30,49.823398
7.802125,30,49.85161
7.319911,30,49.871667
7.238567,30,49.903632
9.788394,30,49.93229
2.39922,30,49.953952
8.802501,30,49.981069
7.187523,30,50.004242
7.548178,30,50.032653
9.414272,30,50.055854
10.364125,30,50.069225
3.728173,30,50.10145
5.442378,30,50.134603
7.558983,30,50.165531
6.510383,30,50.197947
9.719979,30,50.217106
3.059648,30,50.25013
6.171398,30,50.274318
8.715651,30,50.298145
9.868564,30,50.324925
3.974355,30,50.340634
9.433545,30,50.375839
2.661136,30,50.401823
7.059369,30,50.418067
3.730931,30,50.434115
7.293613,30,50.478208
8.206236,30,50.50395
4.290376,30,50.530521
9.289654,30,50.553876
8.700809,30,50.579316
8.578269,30,50.606852
10.020614,30,50.634526
-0.016376,30,50.648374
4.060295,30,50.680269
7.032153,30,50.698715
1.400617,30,50.733065
4.136512,30,50.747107
5.425718,30,53.027097
8.252651,30,53.065905
4.846842,30,53.097731
9.056384,30,53.140328
5.956038,30,53.180609
5.559726,30,53.225027
6.80855,30,53.253041
8.647191,30,53.289859
4.21705,30,53.303847
7.638313,30,53.347771
9.462987,30,53.380911
11.123178,30,53.410452
3.110168,30,53.442053
7.406436,30,53.465932
4.907836,30,53.498015
8.270983,30,53.513879
4.477029,30,53.553241
7.819006,30,53.580237
11.099622,30,53.611297
2.85082,30,53.637806
0.45293,30,53.675775
6.620733,30,53.711871
0.404697,30,53.742083
6.969553,30,53.769197
7.151069,30,53.778198
8.245238,30,53.818061
9.705426,30,53.841891
7.751249,30,53.870078
3.958297,30,53.902282
6.707365,30,53.927459
8.875207,30,53.956274
2.703583,30,53.985408
9.870636,30,53.996429
1.335786,30,54.035926
7.06049,30,54.059858
9.821305,30,54.077789
2.116395,30,54.105674
1.879267,30,54.139757
9.198848,30,54.161654
8.147028,30,54.188939
3.365241,30,54.217427
4.158777,30,54.244747
5.897722,30,54.271654
5.797545,30,54.302301
4.756775,30,54.326272
8.185015,30,54.350102
6.282601,30,54.375238
2.352011,30,54.404358
6.194523,30,54.422479
2.810939,30,54.45011
6.682721,30,54.480857
9.475578,30,54.509296
10.319413,30,54.533903
5.187859,30,54.553283
9.435186,30,54.589981
2.124125,30,54.599456
2.134868,30,54.636479
9.375365,30,54.670211
9.772746,30,54.695154
7.934493,30,54.721708
5.228894,30,54.746961
9.41655,30,54.78576
7.900862,30,54.811711
0.857896,30,54.841288
7.049821,30,54.865838
6.311564,30,54.891363
9.239149,30,54.903345
1.964375,30,54.938559
8.766162,30,54.962733
8.412449,30,57.132259
3.787396,30,57.180755
4.845632,30,57.212348
7.057665,30,57.259696
9.606323,30,57.302923
9.369649,30,57.325155
5.524171,30,57.365945
8.009046,30,57.39876
10.941971,30,57.432006
6.901754,30,57.452726
8.96874,30,57.48543
5.001725,30,57.516342
9.113692,30,57.543917
8.553024,30,57.576044
2.708511,30,57.609588
8.783149,30,57.623423
10.168117,30,57.69273
10.20473,30,57.748029
10.599864,30,57.777628
2.827789,30,57.841075
8.218232,30,57.880241
9.797682,30,57.912975
4.412542,30,57.938675
8.255639,30,57.980278
7.305893,30,58.01342
3.923552,30,58.042619
6.407333,30,58.068105
6.596257,30,58.091352
4.157796,30,58.107051
3.813917,30,58.147622
9.374577,30,58.174979
5.835593,30,58.20099
10.607929,30,58.21695
8.701875,30,58.248673
4.702316,30,58.264423
5.824373,30,58.312304
8.659303,30,58.339287
9.043737,30,58.353114
7.498284,30,58.386238
9.82832,30,58.417787
7.64424,30,58.441309
9.187842,30,58.450859
0.788692,30,58.489356
5.102754,30,58.51131
5.425774,30,58.527537
8.68844,30,58.553344
4.473639,30,58.559117
2.403878,30,58.59773
2.099938,30,58.620454
3.709649,30,58.639636
10.448961,30,58.651187
8.690231,30,58.679238
4.09052,30,58.699923
10.028464,30,58.714973
3.476051,30,58.746874
10.994071,30,58.762741
2.033637,30,58.786841
11.48096,30,58.794621
8.342502,30,58.826815
8.228882,30,58.847605
5.319912,30,58.855607
7.312606,30,58.871395
8.549671,30,58.887229
7.575975,30,58.925707
7.655992,30,58.945589
3.471519,30,58.965183
9.361029,30,58.981122
5.420945,30,58.997701
7.982799,30,60.515579
5.658796,30,60.535411
8.420539,30,60.549497
8.418619,30,60.581535
6.319593,30,60.606828
3.68509,30,60.626443
5.580844,30,60.647546
7.571368,30,60.667371
2.720205,30,60.698936
4.206046,30,60.714754
10.808541,30,60.740731
5.475315,30,60.769378
5.761884,30,60.789259
6.126669,30,60.80924
8.720989,30,60.828323
7.021756,30,60.841771
3.734821,30,60.870765
4.504224,30,60.89426
9.658002,30,60.913957
8.828151,30,60.931042
4.842488,30,60.950575
8.698408,30,60.968428
7.500316,30,60.982221
9.595225,30,61.027434
2.983812,30,61.047472
9.604512,30,61.067304
9.584853,30,61.087022
8.168201,30,61.110535
6.090879,30,61.13166
6.385369,30,61.152713
4.457249,30,61.169825
5.703564,30,61.192312
9.689383,30,61.20532
5.672857,30,61.229331
5.917029,30,61.248161
5.829447,30,61.265239
10.147934,30,61.288532
4.716638,30,61.307521
5.132205,30,61.325445
5.799124,30,61.344188
4.662136,30,61.36428
7.631188,30,61.382104
1.679274,30,61.406042
9.848341,30,61.424995
7.860227,30,61.442386
5.458257,30,61.459143
7.784422,30,61.478232
8.263633,30,61.49607
5.649165,30,61.514951
7.004449,30,61.528008
8.808824,30,61.55173
9.605994,30,61.567541
6.411958,30,61.57532
11.148119,30,61.601021
6.628008,30,61.606788
8.355312,30,61.642777
10.108714,30,61.660573
2.310084,30,61.677569
10.146548,30,61.687074
8.924389,30,61.713371
6.469363,30,61.730354
1.953524,30,61.746885
8.960115,30,61.763366
4.178929,30,61.778545
10.5487,30,61.800395
9.85101,30,61.817065
5.926309,30,61.820486
9.059553,30,61.852211
3.282581,30,63.303723
4.892805,30,63.32252
9.318533,30,63.351249
8.87596,30,63.373481
8.537961,30,63.38748
3.416606,30,63.423248
3.986559,30,63.447487
10.870513,30,63.470211
10.253159,30,63.492326
8.808644,30,63.512196
9.384287,30,63.528027
9.937509,30,63.555662
4.633055,30,63.575566
9.494351,30,63.599812
2.43219,30,63.624795
5.548627,30,63.643242
7.30327,30,63.652785
9.773023,30,63.68467
9.812902,30,63.7049
6.193184,30,63.715901
7.491301,30,63.747685
6.012682,30,63.769047
7.890138,30,63.788276
5.606364,30,63.803981
5.033199,30,63.825253
4.190549,30,63.84572
9.152166,30,63.850759
7.91722,30,63.883008
2.687695,30,63.903182
2.899636,30,63.922897
9.790271,30,63.942707
1.842235,30,63.966136
9.51455,30,63.989177
9.83724,30,64.010615
4.400624,30,64.028479
6.276353,30,64.045972
9.505079,30,64.067606
7.948562,30,64.083423
5.355728,30,64.10124
2.029153,30,64.119059
10.348696,30,64.137695
9.422133,30,64.15536
4.705396,30,64.173176
8.363358,30,64.184971
3.927467,30,64.201704
10.450217,30,64.216887
4.05215,30,64.246742
8.706288,30,64.26498
8.057429,30,64.270591
9.592503,30,64.302538
8.134526,30,64.319897
9.608252,30,64.337931
2.744962,30,64.355655
3.625787,30,64.356652
5.390556,30,64.388345
9.636945,30,64.404147
6.352964,30,64.420119
6.781956,30,64.436284
2.406836,30,64.458915
10.643251,30,64.465915
6.12241,30,64.492675
10.810195,30,64.511799
8.06828,30,64.531565
8.327265,30,64.549186
2.68135,30,64.572791
7.5625,30,64.591671
-0.822941,30,64.603444
7.641798,30,64.620896
5.596832,30,64.63448
8.812516,30,66.407181
8.421741,30,66.432704
8.151545,30,66.459064
10.501832,30,66.482664
8.546136,30,66.509756
7.029791,30,66.54143
8.431071,30,66.564256
2.730101,30,66.591544
3.813421,30,66.614362
11.265387,30,66.640316
2.369085,30,66.663189
4.860831,30,66.688505
3.806229,30,66.710563
3.293742,30,66.733564
7.776466,30,66.761244
3.853448,30,66.782758
1.575486,30,66.807081
10.448982,30,66.829818
3.742322,30,66.852094
10.736022,30,66.874756
9.238423,30,66.896595
4.706419,30,66.918748
11.683129,30,66.942708
3.64327,30,66.964283
6.714491,30,66.987556
7.450926,30,67.003552
5.339174,30,67.029756
7.555709,30,67.052423
2.623379,30,67.075316
2.655075,30,67.096494
7.070686,30,67.117225
1.206733,30,67.139741
2.105154,30,67.158341
9.863195,30,67.179459
2.011739,30,67.199279
10.527265,30,67.219175
1.166531,30,67.241285
2.372286,30,67.261653
10.009801,30,67.283404
2.630757,30,67.305999
8.65975,30,67.320186
9.189148,30,67.346862
3.197918,30,67.368064
3.785262,30,67.390288
6.528465,30,67.402338
7.996802,30,67.42907
3.769737,30,67.447304
6.733089,30,67.453832
9.431978,30,67.48621
7.760613,30,67.507979
1.898456,30,67.520491
9.275095,30,67.535786
10.466726,30,67.55384
8.580803,30,67.567579
7.349877,30,67.599464
2.715619,30,67.620314
6.307496,30,67.631382
7.161577,30,67.66024
5.999151,30,67.680681
9.157284,30,67.687186
3.142631,30,67.703784
8.60121,30,67.734733
-2.285726,30,67.755632
4.907508,30,67.774253
6.233478,30,67.792252
3.953772,30,67.803854
6.645141,30,67.829119
10.754248,30,67.846005
6.884247,30,69.29168
6.932389,30,69.308825
9.268128,30,69.325297
8.477213,30,69.356477
8.190587,30,69.382937
9.916193,30,69.407976
2.92357,30,69.418977
5.441198,30,69.435678
8.106706,30,69.470986
6.773555,30,69.482785
7.567217,30,69.520874
10.679072,30,69.527873
2.317751,30,69.564889
6.790019,30,69.585553
6.873093,30,69.606852
2.224601,30,69.626503
4.784146,30,69.635547
9.6091,30,69.653331
7.682985,30,69.687154
2.095434,30,69.704974
8.957259,30,69.726079
9.380697,30,69.746605
4.756646,30,69.765383
3.520955,30,69.785312
10.291854,30,69.803961
9.625793,30,69.82104
9.879796,30,69.838869
9.793641,30,69.85649
3.54777,30,69.882573
7.867819,30,69.901627
8.690252,30,69.920382
6.038818,30,69.93545
1.767248,30,69.957453
5.586484,30,69.974632
3.731533,30,69.994832
9.395966,30,70.012828
10.134945,30,70.031374
7.701038,30,70.048435
6.065541,30,70.066215
8.944841,30,70.075169
6.847999,30,70.106764
7.329394,30,70.128945
5.172942,30,70.138789
7.395725,30,70.169042
3.524465,30,70.184667
11.832608,30,70.207909
8.850758,30,70.225747
7.07598,30,70.237137
2.148659,30,70.253479
11.123501,30,70.277983
5.087847,30,70.300791
7.538014,30,70.309066
9.107122,30,70.335015
10.55161,30,70.350826
1.259218,30,70.366899
5.201032,30,70.384722
6.291229,30,70.401898
7.055918,30,70.402904
1.865449,30,70.434576
3.759234,30,70.450595
8.718169,30,70.468398
9.690735,30,70.492127
8.000164,30,70.521983
2.256319,30,70.547164
8.204997,30,70.565845
8.002651,30,70.58366
8.193154,30,70.604221
4.710415,30,70.621379
9.768754,30,72.05556
10.323641,30,72.081228
8.783415,30,72.104908
2.812381,30,72.12708
8.579253,30,72.137075
10.224701,30,72.180755
10.286243,30,72.207152
2.914892,30,72.235419
9.037666,30,72.246435
9.01527,30,72.276556
8.399074,30,72.287258
10.718814,30,72.318666
6.706473,30,72.339674
9.277092,30,72.356415
4.327253,30,72.372338
5.008109,30,72.405357
7.157866,30,72.420459
6.563104,30,72.437068
8.648892,30,72.465884
8.349974,30,72.481706
6.547452,30,72.497483
10.333462,30,72.513488
8.777588,30,72.548741
7.327731,30,72.566607
4.77629,30,72.574609
6.501864,30,72.606445
9.216403,30,72.62628
5.896729,30,72.638076
10.157512,30,72.656308
5.250592,30,72.681161
9.811819,30,72.684151
8.456455,30,72.721673
9.890576,30,72.737214
7.797757,30,72.75823
3.996506,30,72.774299
10.124228,30,72.794218
8.719214,30,72.811864
0.213896,30,72.830945
9.768992,30,72.848778
8.337726,30,72.866469
2.781055,30,72.887673
4.71281,30,72.90349
8.164752,30,72.919255
10.702602,30,72.93527
3.124558,30,72.956859
9.388215,30,72.966981
3.578273,30,72.993168
10.471672,30,73.016309
9.277706,30,73.033305
9.589761,30,73.05152
7.516093,30,73.06922
7.211413,30,73.086445
3.856768,30,73.103439
9.710543,30,73.126359
8.604753,30,73.142171
5.41372,30,73.158991
10.846533,30,73.170037
9.683683,30,73.185771
9.88645,30,73.214523
10.817268,30,73.215523
8.57589,30,73.231313
10.469083,30,73.26498
3.521341,30,73.278776
8.363968,30,73.295662
6.804898,30,73.317784
3.663481,30,73.335784
6.838565,30,73.35195
8.579081,30,73.36994
3.438932,30,74.844634
4.801843,30,74.875701
6.88568,30,74.916017
4.147317,30,74.950634
10.647091,30,74.984521
8.314454,30,75.008415
4.46073,30,75.033017
7.249839,30,75.055519
6.371038,30,75.081575
6.166285,30,75.107143
5.816238,30,75.123242
5.955414,30,75.159127
9.617489,30,75.16916
4.529195,30,75.211513
7.250959,30,75.237399
10.111468,30,75.258941
6.693707,30,75.278256
6.237744,30,75.294167
2.934325,30,75.325926
7.713267,30,75.341989
9.278654,30,75.37483
10.084546,30,75.38684
6.500144,30,75.422654
4.272491,30,75.452147
0.999445,30,75.477323
8.5749,30,75.496625
9.8005,30,75.532533
9.643589,30,75.554321
7.461134,30,75.583218
9.463637,30,75.600048
11.138049,30,75.631871
4.814677,30,75.663024
9.835282,30,75.684129
3.506874,30,75.70817
3.830039,30,75.731014
8.485165,30,75.74695
8.167583,30,75.786016
9.70352,30,75.814758
9.11119,30,75.844715
4.999393,30,75.870683
4.761292,30,75.885632
7.069949,30,75.920124
8.842587,30,75.932665
10.050055,30,75.974619
8.094836,30,76.001986
8.053222,30,76.028436
7.452652,30,76.043661
5.014663,30,76.074802
10.065036,30,76.099981
6.105321,30,76.137412
6.629315,30,76.160089
7.784351,30,76.169146
3.847149,30,76.205773
3.129393,30,76.227398
7.026832,30,76.250063
3.312576,30,76.280219
8.85401,30,76.308795
9.14557,30,76.328255
3.474006,30,76.357435
5.0538,30,76.38317
7.694799,30,76.404061
3.560673,30,76.429518
10.190773,30,76.460079
3.431592,30,76.480935
8.534435,30,76.509986
9.850661,30,76.537465
8.868202,30,76.560056
4.999761,30,76.588449
6.88276,30,76.605652
8.301052,30,78.759034
9.886175,30,78.793717
8.180176,30,78.82425
10.611067,30,78.86289
7.150561,30,78.89847
10.797857,30,78.931225
7.29108,30,78.964721
8.182796,30,78.988132
7.784461,30,79.018631
7.97421,30,79.044165
7.67008,30,79.077857
3.454852,30,79.105759
8.062615,30,79.121758
4.663494,30,79.15448
7.395723,30,79.179856
8.14305,30,79.199855
9.826743,30,79.231665
8.192226,30,79.263443
7.097261,30,79.295045
5.991943,30,79.309047
7.172782,30,79.346848
8.467248,30,79.372778
9.976311,30,79.405877
9.577459,30,79.443102
10.856879,30,79.470556
10.421025,30,79.496476
10.437174,30,79.52555
7.463795,30,79.546308
3.522477,30,79.58572
2.337778,30,79.612509
9.002823,30,79.637231
8.68793,30,79.660011
10.022432,30,79.669078
3.617614,30,79.709791
3.734261,30,79.731935
4.681638,30,79.746936
3.896998,30,79.764262
4.562571,30,79.802698
10.992313,30,79.826336
8.670885,30,79.85056
6.160503,30,79.875319
4.211994,30,79.904334
6.269749,30,79.927483
7.073255,30,79.935539
9.017407,30,79.973608
2.463265,30,79.987157
7.257383,30,80.003195
6.022739,30,80.034187
2.436249,30,80.049989
9.357636,30,80.086209
8.40387,30,80.107417
5.420696,30,80.130126
10.933412,30,80.152385
7.917545,30,80.176447
4.90009,30,80.200276
4.660557,30,80.225349
9.747542,30,80.241014
9.012158,30,80.265323
7.61096,30,80.286827
6.916112,30,80.303173
8.580426,30,80.332096
7.69485,30,80.349547
3.419009,30,80.37954
6.220111,30,80.41155
1.708951,30,80.435484
7.749117,30,80.452667
8.219538,30,80.477305
0.601619,30,80.500312
8.559034,30,82.014848
11.016033,30,82.029459
4.293254,30,82.059379
3.299775,30,82.081022
5.010606,30,82.104128
6.767262,30,82.123986
9.350297,30,82.137791
10.7703,30,82.167523
5.95118,30,82.189869
5.908901,30,82.211892
4.546382,30,82.215891
6.276393,30,82.252088
5.646126,30,82.279585
9.398039,30,82.295404
7.591487,30,82.320645
9.141381,30,82.324627
11.119828,30,82.363974
10.189607,30,82.384266
8.795079,30,82.40436
8.404757,30,82.423517
4.657721,30,82.450404
9.503891,30,82.468162
2.314457,30,82.499151
7.573783,30,82.519221
7.897299,30,82.538529
3.446121,30,82.55935
8.002417,30,82.5754
2.227645,30,82.591526
9.543122,30,82.607591
3.712278,30,82.623574
6.627641,30,82.653049
4.824338,30,82.673624
10.234031,30,82.687195
9.594673,30,82.710934
7.544208,30,82.730257
8.035504,30,82.749494
9.878199,30,82.76245
10.408454,30,82.786562
3.264415,30,82.79434
9.767231,30,82.826241
9.083433,30,82.842053
7.985307,30,82.862734
9.221482,30,82.881329
3.191887,30,82.899251
11.356137,30,82.902271
9.409518,30,82.934209
11.412019,30,82.953092
4.650701,30,82.971677
10.004599,30,82.991356
10.346265,30,83.003833
10.590542,30,83.019039
4.765476,30,83.044095
9.889953,30,83.051128
6.779813,30,83.078611
8.33931,30,83.082632
9.780919,30,83.114613
6.951875,30,83.130729
4.089142,30,83.146577
5.0518,30,83.167376
10.002823,30,83.184829
4.239827,30,83.202877
2.909533,30,83.216745
7.377395,30,83.23279
6.137671,30,83.248974
8.495832,30,83.269062
6.406079,30,83.292918
5.152047,30,83.303912
1.27157,30,83.319976
5.376247,30,84.747006
8.666912,30,84.782142
5.638465,30,84.803514
9.520534,30,84.809516
10.242006,30,84.847149
2.458558,30,84.870497
7.107864,30,84.900359
11.058862,30,84.927816
6.799554,30,84.936236
9.862201,30,84.96818
9.782732,30,84.997081
6.596367,30,85.020081
9.958488,30,85.029408
11.588454,30,85.061516
8.77782,30,85.076385
11.742442,30,85.095455
4.967653,30,85.126383
8.760253,30,85.13744
3.569107,30,85.166404
5.521217,30,85.186935
2.912233,30,85.199988
9.844193,30,85.223058
9.511892,30,85.233738
5.577384,30,85.247862
3.439463,30,85.279568
8.982675,30,85.2955
10.584344,30,85.311223
9.027734,30,85.327358
4.556435,30,85.355635
5.180389,30,85.373636
2.336011,30,85.388319
8.291308,30,85.404196
1.882364,30,85.429524
8.145738,30,85.448315
8.094605,30,85.465195
8.286788,30,85.48931
8.92861,30,85.507976
1.50692,30,85.526438
10.191416,30,85.538265
4.084861,30,85.564455
8.496363,30,85.575078
6.23148,30,85.590973
10.311004,30,85.62322
6.330817,30,85.638904
7.478341,30,85.654905
4.259229,30,85.675714
8.925518,30,85.693162
4.360249,30,85.700157
11.266424,30,85.71616
4.538425,30,85.732342
2.261598,30,85.748477
8.760648,30,85.773357
4.984665,30,85.801898
5.360546,30,85.803851
6.792574,30,85.819756
3.68617,30,85.854801
9.123386,30,85.867306
7.544661,30,85.890019
6.56543,30,85.903011
9.811926,30,85.920101
9.219425,30,85.935239
5.353946,30,85.955182
6.395736,30,85.973305
10.379497,30,85.982927
5.876046,30,86.010598
6.230926,30,86.012587
4.625535,30,86.045061
8.324401,30,86.064266
2.406983,30,87.550493
2.331068,30,87.574346
9.260801,30,87.600943
10.943094,30,87.622688
8.102284,30,87.64519
10.868371,30,87.677573
9.299474,30,87.7031
8.996099,30,87.726299
5.979263,30,87.762165
10.701045,30,87.778219
5.479851,30,87.808773
7.071114,30,87.825542
4.780194,30,87.841512
10.875795,30,87.869659
8.786507,30,87.887752
7.462721,30,87.903571
8.722748,30,87.919294
8.19745,30,87.956801
6.411196,30,87.978523
3.787138,30,87.999261
3.276921,30,88.021079
4.337703,30,88.035715
0.910553,30,88.060955
8.583538,30,88.075971
8.251053,30,88.10248
10.62747,30,88.120307
10.407905,30,88.130091
8.026827,30,88.162105
9.762836,30,88.181632
9.598435,30,88.201632
4.859375,30,88.220784
7.330059,30,88.230784
4.237977,30,88.247747
10.645212,30,88.276473
8.790751,30,88.298528
8.352048,30,88.315895
8.939087,30,88.319656
5.676743,30,88.351403
10.830212,30,88.367156
6.948468,30,88.383066
7.948885,30,88.399493
4.278018,30,88.414819
3.042331,30,88.43095
11.328573,30,88.462296
9.98992,30,88.478404
5.50192,30,88.496991
8.572012,30,88.512168
10.400368,30,88.527954
3.850598,30,88.54438
9.352273,30,88.573902
7.2405,30,88.599058
1.728945,30,88.621059
7.909676,30,88.622061
7.810906,30,88.654481
5.088115,30,88.673715
6.410986,30,88.692156
4.160154,30,88.703798
5.11423,30,88.727252
10.644851,30,88.731252
7.709017,30,88.762975
9.96011,30,88.782991
2.687295,30,88.798804
4.693413,30,88.810594
9.471041,30,88.833592
9.84162,30,88.840594
9.850357,30,88.857232
10.621051,30,88.877682
9.75096,30,88.888952
8.052853,30,88.921693
9.018577,30,90.335323
3.550609,30,90.351361
1.817043,30,90.383447
8.250891,30,90.39939
4.52671,30,90.426789
7.039667,30,90.446896
2.433359,30,90.476928
10.537792,30,90.497163
6.286471,30,90.518101
10.429253,30,90.534229
2.679825,30,90.549898
7.979195,30,90.578503
10.45981,30,90.591056
9.846829,30,90.607877
7.851809,30,90.647126
10.57737,30,90.670102
10.507993,30,90.692151
3.621747,30,90.711286
9.022829,30,90.730553
10.57976,30,90.746679
9.498784,30,90.762804
5.154344,30,90.789199
6.537652,30,90.8095
2.232132,30,90.828979
10.749859,30,90.83839
10.036264,30,90.854273
9.542592,30,90.889346
8.654272,30,90.909045
6.932475,30,90.920011
10.649131,30,90.945823
10.821756,30,90.964917
5.311822,30,90.98249
9.092749,30,91.000638
10.039722,30,91.019663
11.398871,30,91.027658
3.935069,30,91.043492
6.585806,30,91.063155
10.157805,30,91.094153
6.199301,30,91.113031
8.419399,30,91.120596
9.670849,30,91.135859
4.349467,30,91.170793
4.630767,30,91.185789
5.737029,30,91.201841
1.751539,30,91.227337
2.743832,30,91.24534
3.096847,30,91.247323
6.149645,30,91.281444
9.443962,30,91.295564
10.668072,30,91.319411
10.007206,30,91.327186
10.278341,30,91.355331
1.936985,30,91.374385
4.481004,30,91.386064
8.753697,30,91.412029
10.765541,30,91.431503
3.112843,30,91.438379
1.357626,30,91.465814
6.305909,30,91.481531
8.440573,30,91.505507
2.112494,30,91.523326
3.749561,30,91.541142
3.883858,30,91.562181
5.242909,30,91.576134
11.2728,30,91.590986
11.104717,30,91.608837
6.301402,30,91.635092
3.942271,30,91.652577
7.41808,30,93.169863
6.970312,30,93.185029
8.006359,30,93.217781
3.894612,30,93.240127
9.863816,30,93.267539
5.314441,30,93.28961
4.399207,30,93.31973
8.85453,30,93.324728
8.309995,30,93.360963
10.236885,30,93.372994
4.637612,30,93.403569
8.758508,30,93.427052
5.469165,30,93.434054
9.588831,30,93.46708
7.756322,30,93.487173
6.257358,30,93.502974
2.733031,30,93.528008
9.688285,30,93.534037
10.968277,30,93.566639
11.225298,30,93.588275
8.684183,30,93.603891
8.182195,30,93.63079
6.973769,30,93.653711
7.858257,30,93.669691
2.94805,30,93.693591
10.991187,30,93.701368
4.840039,30,93.717116
8.960739,30,93.751689
5.842982,30,93.762663
4.032919,30,93.784821
8.71653,30,93.794965
5.812442,30,93.811166
1.956513,30,93.844793
9.017824,30,93.855809
3.340764,30,93.881804
5.365498,30,93.899417
2.42308,30,93.917736
4.129353,30,93.936461
8.834387,30,93.954436
9.108323,30,93.965436
4.116175,30,93.989166
9.26259,30,94.003803
10.436519,30,94.019031
7.869341,30,94.0348
7.292256,30,94.058704
6.190014,30,94.074984
7.340931,30,94.090975
3.394855,30,94.106681
7.349054,30,94.122357
0.605228,30,94.138066
4.234187,30,94.156293
7.77115,30,94.182966
10.643897,30,94.201149
2.419782,30,94.203773
9.696538,30,94.234822
2.582183,30,94.2523
9.955044,30,94.272416
10.203656,30,94.291342
8.468646,30,94.294341
5.799351,30,94.311565
9.741884,30,94.326304
8.805343,30,94.358526
9.389631,30,94.376625
9.911787,30,94.394447
8.254431,30,94.40343
4.80898,30,94.42909
7.492767,30,94.447169
6.82301,30,94.450931
